{"cameraMode":{"drawMode":0,"name":"Shaded","section":"Shading Mode"},"sceneLighting":false,"audioPlay":false,"sceneViewState":{"showFog":true,"showMaterialUpdate":false,"showSkybox":true,"showFlares":true,"showImageEffects":true,"showParticleSystems":true},"in2DMode":false,"pivot":{"x":13.355548858642579,"y":487.028076171875,"z":102.17646789550781},"rotation":{"x":-0.033303506672382358,"y":0.0005966270109638572,"z":-0.000019251518097007647,"w":-0.9994481801986694},"size":164.54098510742188,"orthographic":false}