{"cameraMode":{"drawMode":0,"name":"Shaded","section":"Shading Mode"},"sceneLighting":true,"audioPlay":false,"sceneViewState":{"showFog":true,"showMaterialUpdate":false,"showSkybox":true,"showFlares":true,"showImageEffects":true,"showParticleSystems":true},"in2DMode":false,"pivot":{"x":33.970191955566409,"y":-16.437885284423829,"z":-12.959663391113282},"rotation":{"x":-0.29430219531059267,"y":-0.0223638117313385,"z":0.006888778414577246,"w":-0.9554260969161987},"size":123.593017578125,"orthographic":false}