{"cameraMode":{"drawMode":0,"name":"Shaded","section":"Shading Mode"},"sceneLighting":false,"audioPlay":false,"sceneViewState":{"showFog":true,"showMaterialUpdate":false,"showSkybox":true,"showFlares":true,"showImageEffects":true,"showParticleSystems":true},"in2DMode":false,"pivot":{"x":-0.10193580389022827,"y":0.84575355052948,"z":0.18311858177185059},"rotation":{"x":-0.0052836439572274689,"y":-0.9710286259651184,"z":0.23794540762901307,"w":-0.021569842472672464},"size":7.856029510498047,"orthographic":false}