{"cameraMode":{"drawMode":0,"name":"Shaded","section":"Shading Mode"},"sceneLighting":false,"audioPlay":false,"sceneViewState":{"showFog":true,"showMaterialUpdate":false,"showSkybox":true,"showFlares":true,"showImageEffects":true,"showParticleSystems":true},"in2DMode":false,"pivot":{"x":1.1221923828125,"y":-5.977088928222656,"z":89.88774108886719},"rotation":{"x":0.10807536542415619,"y":0.666023313999176,"z":0.09840799868106842,"w":-0.7314757108688355},"size":36.78287124633789,"orthographic":false}