{"cameraMode":{"drawMode":0,"name":"Shaded","section":"Shading Mode"},"sceneLighting":false,"audioPlay":false,"sceneViewState":{"showFog":true,"showMaterialUpdate":false,"showSkybox":true,"showFlares":true,"showImageEffects":true,"showParticleSystems":true},"in2DMode":false,"pivot":{"x":0.0,"y":5.324074745178223,"z":-0.6474566459655762},"rotation":{"x":0.1552250236272812,"y":-0.3897193372249603,"z":0.06681890785694123,"w":0.9053055644035339},"size":13.885207176208496,"orthographic":false}