{"cameraMode":{"drawMode":0,"name":"Shaded","section":"Shading Mode"},"sceneLighting":false,"audioPlay":false,"sceneViewState":{"showFog":true,"showMaterialUpdate":false,"showSkybox":true,"showFlares":true,"showImageEffects":true,"showParticleSystems":true},"in2DMode":false,"pivot":{"x":1.1687941551208497,"y":0.27969884872436526,"z":2.4447717666625978},"rotation":{"x":0.26752087473869326,"y":0.2117350846529007,"z":-0.060387153178453448,"w":0.9380665421485901},"size":12.515233039855957,"orthographic":false}