{"cameraMode":{"drawMode":0,"name":"Shaded","section":"Shading Mode"},"sceneLighting":false,"audioPlay":false,"sceneViewState":{"showFog":true,"showMaterialUpdate":false,"showSkybox":true,"showFlares":true,"showImageEffects":true,"showParticleSystems":true},"in2DMode":false,"pivot":{"x":0.22065520286560059,"y":0.05358409881591797,"z":0.7793425917625427},"rotation":{"x":-0.2891143560409546,"y":0.07800200581550598,"z":-0.02364332042634487,"w":-0.9538190960884094},"size":24.429462432861329,"orthographic":false}