{"cameraMode":{"drawMode":0,"name":"Shaded","section":"Shading Mode"},"sceneLighting":false,"audioPlay":false,"sceneViewState":{"showFog":true,"showMaterialUpdate":false,"showSkybox":true,"showFlares":true,"showImageEffects":true,"showParticleSystems":true},"in2DMode":false,"pivot":{"x":27.43846893310547,"y":456.663818359375,"z":128.8554229736328},"rotation":{"x":-0.014136345125734806,"y":0.7003624439239502,"z":-0.013875740580260754,"w":-0.7135130167007446},"size":22.0,"orthographic":false}