{"cameraMode":{"drawMode":0,"name":"Shaded","section":"Shading Mode"},"sceneLighting":false,"audioPlay":false,"sceneViewState":{"showFog":true,"showMaterialUpdate":false,"showSkybox":true,"showFlares":true,"showImageEffects":true,"showParticleSystems":true},"in2DMode":false,"pivot":{"x":672.0804443359375,"y":245.41087341308595,"z":125.6875},"rotation":{"x":-0.08805069327354431,"y":0.21549054980278016,"z":-0.01951366662979126,"w":-0.972333550453186},"size":498.96185302734377,"orthographic":false}