{"cameraMode":{"drawMode":0,"name":"Shaded","section":"Shading Mode"},"sceneLighting":true,"audioPlay":false,"sceneViewState":{"showFog":true,"showMaterialUpdate":false,"showSkybox":true,"showFlares":true,"showImageEffects":true,"showParticleSystems":true},"in2DMode":false,"pivot":{"x":41.57350540161133,"y":-19.57821273803711,"z":-15.0235595703125},"rotation":{"x":-0.28278374671936037,"y":-0.026759497821331025,"z":0.00789265800267458,"w":-0.9587788581848145},"size":84.24420166015625,"orthographic":false}