{"cameraMode":{"drawMode":0,"name":"Shaded","section":"Shading Mode"},"sceneLighting":true,"audioPlay":false,"sceneViewState":{"showFog":true,"showMaterialUpdate":false,"showSkybox":true,"showFlares":true,"showImageEffects":true,"showParticleSystems":true},"in2DMode":false,"pivot":{"x":35.9984016418457,"y":-45.97551345825195,"z":-2.844860076904297},"rotation":{"x":-0.48456183075904848,"y":-0.1412818729877472,"z":0.07964227348566055,"w":-0.8595911860466003},"size":123.593017578125,"orthographic":false}