{"cameraMode":{"drawMode":0,"name":"Shaded","section":"Shading Mode"},"sceneLighting":false,"audioPlay":false,"sceneViewState":{"showFog":true,"showMaterialUpdate":false,"showSkybox":false,"showFlares":true,"showImageEffects":true,"showParticleSystems":true},"in2DMode":false,"pivot":{"x":699.5,"y":339.54998779296877,"z":0.05000000074505806},"rotation":{"x":-0.005019875708967447,"y":-0.9940800666809082,"z":0.052546314895153049,"w":-0.09511861950159073},"size":1901.71044921875,"orthographic":true}