{"cameraMode":{"drawMode":0,"name":"Shaded","section":"Shading Mode"},"sceneLighting":false,"audioPlay":false,"sceneViewState":{"showFog":true,"showMaterialUpdate":false,"showSkybox":false,"showFlares":true,"showImageEffects":true,"showParticleSystems":true},"in2DMode":false,"pivot":{"x":-1.1390433311462403,"y":8.528400421142579,"z":-1.5929527282714844},"rotation":{"x":-0.11852628737688065,"y":-0.00834424514323473,"z":0.0009957457659766079,"w":-0.9929177165031433},"size":53.940547943115237,"orthographic":false}