{"cameraMode":{"drawMode":0,"name":"Shaded","section":"Shading Mode"},"sceneLighting":false,"audioPlay":false,"sceneViewState":{"showFog":true,"showMaterialUpdate":false,"showSkybox":false,"showFlares":true,"showImageEffects":true,"showParticleSystems":true},"in2DMode":false,"pivot":{"x":699.5,"y":339.54998779296877,"z":0.05000000074505806},"rotation":{"x":-0.06329871714115143,"y":-0.6059645414352417,"z":0.04847141355276108,"w":-0.7915048599243164},"size":1901.71044921875,"orthographic":true}