{"cameraMode":{"drawMode":0,"name":"Shaded","section":"Shading Mode"},"sceneLighting":true,"audioPlay":false,"sceneViewState":{"showFog":true,"showMaterialUpdate":false,"showSkybox":true,"showFlares":true,"showImageEffects":true,"showParticleSystems":true},"in2DMode":false,"pivot":{"x":2.380000114440918,"y":32.01250076293945,"z":51.452545166015628},"rotation":{"x":-0.11845504492521286,"y":0.3051416873931885,"z":-0.03827919438481331,"w":-0.9441448450088501},"size":158.64149475097657,"orthographic":true}