{"cameraMode":{"drawMode":0,"name":"Shaded","section":"Shading Mode"},"sceneLighting":false,"audioPlay":false,"sceneViewState":{"showFog":true,"showMaterialUpdate":true,"showSkybox":true,"showFlares":true,"showImageEffects":true,"showParticleSystems":true},"in2DMode":false,"pivot":{"x":-0.13824677467346192,"y":10.958383560180664,"z":-0.07623636722564697},"rotation":{"x":0.16016007959842683,"y":-0.6722436547279358,"z":0.15237005054950715,"w":0.7065798044204712},"size":3.976975917816162,"orthographic":false}