{"cameraMode":{"drawMode":0,"name":"Shaded","section":"Shading Mode"},"sceneLighting":false,"audioPlay":false,"sceneViewState":{"showFog":true,"showMaterialUpdate":true,"showSkybox":true,"showFlares":true,"showImageEffects":true,"showParticleSystems":true},"in2DMode":false,"pivot":{"x":0.17443692684173585,"y":11.1646728515625,"z":0.24045181274414063},"rotation":{"x":0.2545594871044159,"y":0.008702821098268032,"z":-0.0022953106090426447,"w":0.9670337438583374},"size":3.0769760608673097,"orthographic":false}