{"cameraMode":{"drawMode":0,"name":"Shaded","section":"Shading Mode"},"sceneLighting":false,"audioPlay":false,"sceneViewState":{"showFog":true,"showMaterialUpdate":true,"showSkybox":true,"showFlares":true,"showImageEffects":true,"showParticleSystems":true},"in2DMode":false,"pivot":{"x":0.31670045852661135,"y":11.30044937133789,"z":0.23552370071411134},"rotation":{"x":0.14025111496448518,"y":-0.3988803029060364,"z":0.06187181547284126,"w":0.9041081070899963},"size":3.429564952850342,"orthographic":false}