{"cameraMode":{"drawMode":0,"name":"Shaded","section":"Shading Mode"},"sceneLighting":true,"audioPlay":false,"sceneViewState":{"showFog":true,"showMaterialUpdate":false,"showSkybox":true,"showFlares":true,"showImageEffects":true,"showParticleSystems":true},"in2DMode":false,"pivot":{"x":9.998064994812012,"y":0.84575355052948,"z":0.18311858177185059},"rotation":{"x":0.35028305649757388,"y":0.011239208281040192,"z":-0.004203056450933218,"w":0.9365725517272949},"size":197.19903564453126,"orthographic":true}