{"cameraMode":{"drawMode":0,"name":"Shaded","section":"Shading Mode"},"sceneLighting":false,"audioPlay":false,"sceneViewState":{"showFog":true,"showMaterialUpdate":false,"showSkybox":true,"showFlares":true,"showImageEffects":true,"showParticleSystems":true},"in2DMode":false,"pivot":{"x":0.0,"y":0.917815089225769,"z":-0.12949129939079286},"rotation":{"x":-0.19241179525852204,"y":-0.04355653375387192,"z":0.008549155667424202,"w":-0.9803252220153809},"size":17.164775848388673,"orthographic":false}